text,label
GIS的发展历史,gis_term
如何用Python处理Shapefile,gis_operation
Sentinel卫星系列介绍,gis_term
如何使用GDAL库处理栅格数据,gis_operation
今天天气怎么样,general
SAR是什么,gis_term
你好吗,general
什么是叠加分析,gis_term
谢谢,general
GeoPackage是什么,gis_term
如何在QGIS中使用OSM数据,gis_operation
QGIS怎么做缓冲区分析,gis_operation
什么是卫星遥感,gis_term
QGIS怎么合并矢量图层,gis_operation
怎么做视域分析,gis_operation
投影变形的类型有哪些,gis_term
QGIS怎么修改投影,gis_operation
ArcGIS怎么进行空间校正,gis_operation
什么是开源GIS,gis_term
什么是光谱分辨率,gis_term
Shapefile是什么格式,gis_term
QGIS怎么计算面积,gis_operation
怎么用GeoPandas做空间分析,gis_operation
怎么做地图配准,gis_operation
北京54坐标系是什么,gis_term
在吗,general
MODIS数据是什么,gis_term
遥感在环境监测中的应用,gis_term
什么是WebGIS,gis_term
什么是逆地理编码,gis_term
QGIS怎么添加底图,gis_operation
什么是遥感,gis_term
怎么生成坡度图,gis_operation
GIS的全称是什么,gis_term
什么是DTM,gis_term
什么是空间分析,gis_term
怎么将CAD数据转成GIS格式,gis_operation
如何使用Google Earth Engine,gis_operation
WGS84是什么,gis_term
QGIS怎么做热力图,gis_operation
怎么给Shapefile添加字段,gis_operation
你好呀,general
DEM和DSM的区别是什么,gis_term
遥感有哪些应用,gis_term
QGIS怎么导入在线地图服务,gis_operation
CAD数据和GIS数据的区别,gis_term
什么是GIS,gis_term
什么是大地水准面,gis_term
什么是时间分辨率,gis_term
怎么创建等高线,gis_operation
什么是遥感影像融合,gis_term
CGCS2000是什么,gis_term
什么是EPSG代码,gis_term
ArcGIS怎么创建要素类,gis_operation
如何选择合适的投影坐标系,gis_term
什么是椭球体,gis_term
ArcGIS怎么导出地图,gis_operation
QGIS怎么做字段计算,gis_operation
QGIS怎么做专题图,gis_operation
什么是辐射分辨率,gis_term
什么是栅格数据,gis_term
Landsat卫星是什么,gis_term
怎么合并多个Shapefile,gis_operation
QGIS怎么做空间查询,gis_operation
你好,general
什么是地图投影,gis_term
QGIS怎么做叠加分析,gis_operation
什么是DEM,gis_term
什么是几何校正,gis_term
QGIS怎么把坐标点转成面,gis_operation
ArcGIS怎么设置坐标系,gis_operation
地理坐标系和投影坐标系的区别,gis_term
帮我分析一下,general
什么是多光谱遥感,gis_term
QGIS怎么做坡度分析,gis_operation
早上好,general
地理信息系统和全球定位系统的区别,gis_term
帮帮我,general
怎么用遥感影像做变化检测,gis_operation
QGIS怎么导入shapefile,gis_operation
QGIS怎么裁剪栅格,gis_operation
你能做什么,general
怎么做空间插值,gis_operation
ArcGIS怎么使用ModelBuilder,gis_operation
什么是矢量数据,gis_term
LiDAR是什么,gis_term
QGIS怎么安装插件,gis_operation
GeoJSON是什么,gis_term
NDVI是什么意思,gis_term
什么是拓扑关系,gis_term
ENVI怎么打开遥感影像,gis_operation
GPS的工作原理是什么,gis_term
GIS有哪些组成部分,gis_term
什么是GNSS,gis_term
怎么从DEM中提取流域,gis_operation
QGIS和ArcGIS有什么区别,gis_term
PostGIS是什么,gis_term
InSAR是什么,gis_term
QGIS怎么制作三维地图,gis_operation
什么是空间索引,gis_term
什么是墨卡托投影,gis_term
很晚了该休息了,general
ArcGIS怎么做缓冲区,gis_operation
什么是空间分辨率,gis_term
ERDAS怎么进行监督分类,gis_operation
ArcGIS怎么创建地理数据库,gis_operation
ArcGIS怎么做叠加分析,gis_operation
QGIS怎么导出地图,gis_operation
遥感在农业中的应用,gis_term
GPS和北斗的区别,gis_term
什么是高光谱遥感,gis_term
晚安,general
什么是多路径效应,gis_term
怎么数字化纸质地图,gis_operation
什么是DSM,gis_term
什么是空间数据库,gis_term
QGIS怎么导出为GeoJSON,gis_operation
QGIS怎么做网络分析,gis_operation
GeoTIFF是什么,gis_term
KML和KMZ的区别,gis_term
QGIS怎么导入GPS数据,gis_operation
什么是缓冲区分析,gis_term
你了解哪些内容,general
NDVI怎么计算,gis_term
什么是地理编码,gis_term
ArcGIS怎么导入数据,gis_operation
ArcMap和ArcGIS Pro有什么区别,gis_operation
遥感在灾害评估中的应用,gis_term
QGIS怎么使用Python脚本,gis_operation
遥感中的波段是什么意思,gis_term
中国常用的坐标系有哪些,gis_term
什么是RTK定位,gis_term
QGIS怎么安装,gis_operation
监督分类和非监督分类的区别,gis_term
QGIS怎么添加标注,gis_operation
再见,general
